「ハローワールド」と出力する	print ( 'Hello World' )	math . print ( <A> )
<B> 文字列を最後から半角スペースで分割してリストを返した結果を <A> とする	<A> = <B> . rsplit ( )	sorted ( <A> , <B> )
<A> リストの総和を求める	sum ( <A> )	os . sum ( <A> )
<A> に並び順を保ったまま <B> を挿入できる最後のインデックス	bisect . bisect_right ( <A> , <B> )	itertools . bisect_right ( <A> , <B> )
空白を区切り文字に指定して文字列 <B> を分割した結果をリストに直して、 <A> に代入する	<A> = <B> . split ( )	sorted ( <A> , <B> )
ユーザが入力した文字列をリストに変換して、 <A> に代入する	<A> = list ( input ( ) )	print ( <A> , input ( ) )
入っているを <A> に処理する	for key in <A> . keys ( ) : value = <A> [ key ]	itertools . keys ( <A> , key = <A> [ key ]
<A> を逆順にソート直す	sorted ( <A> , reverse = True )	reversed ( <A> , reverse = True )
<A> 文字列を長さが <B> になるように '0' で左を埋めた文字列	<A> . zfill ( <B> )	not <A> . zfill ( <B> )
<A> 、 <B> 、 <C> の最大値を求める	max ( <A> , <B> , <C> )	maxlen . max ( <A> , <B> , <C> )
<A> リスト内の値の順番を逆転する	<A> [ : : -1 ]	[ <A> : : -1 ]
<A> が奇数ならば	if <A> % 2 == 1 :	% <A> % 2 == 1 :
値 <A> を <B> で区切ったデータのリスト	<A> . split ( <B> )	itertools . split ( <A> , <B> )
<B> をリスト <A> の末尾に加える	<A> . append ( <B> )	itertools . append ( <A> , <B> )
リスト <A> からランダムに値を <B> つチョイス直す	random . sample ( <A> , <B> )	bisect . sample ( <A> , <B> )
<B> の先頭から空白改行を抜いた文字列を <A> に代入する	<A> = <B> . lstrip ( )	sorted ( <A> , <B> )
算術用ライブラリをインポート置き換える	import math	math . import ( <A> )
<A> 値を <B> で区切った値のリスト	<A> . split ( <B> )	itertools . split ( <A> , <B> )
<A> 文字列の英大小文字を交換したデータ	<A> . strswap ( )	random . strswap ( <A> )
<A> が <B> より大きいかどうか	<A> > <B>	reversed ( <A> , <B> )
半角スペースを区切り文字に指定して <B> 文字列を分割した結果をリスト型にし、 <A> にする	<A> = <B> . split ( )	sorted ( <A> , <B> )
<B> 文字列を空白で分割してリストを返した結果を <A> にする	<A> = <B> . split ( )	sorted ( <A> , <B> )
<A> に <B> をかけた値を <A> に代入	<A> *= <B>	str ( <A> , <B> )
<B> 文字列を終わりから空白で分割してリストを返した結果を <A> とする	<A> = <B> . rsplit ( )	sorted ( <A> , <B> )
<A> を <B> でわったときの商と剰余の組	divmod ( <A> , <B> )	math . divmod ( <A> , <B> )
もし値 <A> が数字であるのとき	if <A> . isdigit ( ) :	for <A> in range ( <B> ) :
リスト <A> をシャッフルする	random . suffle ( <A> )	collections . suffle ( <A> )
<B> で <A> をわった結果の切り上げ	( <A> + <B> - 1 ) // <B>	( <A> - <B> - 1 ) // <B>
<C> の中の正規表現 <A> のパターンにマッチした箇所を <B> に置き換えた値と置き換え箇所の個数	re . subn ( <A> , <B> , <C> )	re . sub ( <A> , <B> , <C> )
もしデータ <A> が英小文字ならば	if <A> . islower ( ) :	islower ( <A> , <B> )
文字列 <B> の英大小文字を交換した文字列を <A> に代入する	<A> = <B> . strswap ( )	print ( <A> = <B> )
文字列 <B> を空白で分割した文字列のリストを <A> とする	<A> = <B> . split ( )	( <A> = <B> . split ( )
文字列を入力する	input ( )	str ( <A> )
<A> の <B> 乗	pow ( <A> , <B> )	math . pow ( <A> , <B> )
<B> リストの中の値を連結した文字列を <A> に代入する	<A> = '' . join ( <B> )	'' . join ( <A> , <B> )
<A> 集合から <B> を削除する	<A> . remove ( <B> )	( <A> . remove ( <B> )
<A> を <B> でわったあまりを <A> に代入	<A> % = <B>	sorted ( <A> % = <B> )
<A> を <B> だけシフトした左シフト値を計算する	<A> << <B>	reversed ( <A> , <B> )
辞書 <A> のキー <B> の	<A> [ <B> ]	sorted ( <A> , <B> )
<B> 文字列を終わりから <C> で最大分割数 <D> まで分割した文字列のリストを <A> とする	<A> = <B> . rsplit ( <C> , <D> )	sorted ( <A> , <B> , <C> , <D> )
半角スペース区切りで入力された複数の整数をリストとして受け取る	list ( map ( int , input ( ) . split ( ) ) )	print ( map ( int , input ( ) . split ( ) ) )
<B> を浮動小数点数に置き換え、 <A> に代入する	<A> = float ( <B> )	float ( <A> , <B> )
<A> 辞書のキー <B> のを参照する	<A> [ <B> ]	del <A> [ <B> ]
リスト <A> を降順にソート置き換える	<A> . sort ( reverse = True )	reversed ( <A> , reverse = True )
文字列 <B> の先頭から空白改行を抜いた文字列を <A> とする	<A> = <B> . lstrip ( )	sorted ( <A> , <B> )
スペースを区切り文字に指定して <B> 文字列を終わりから分割してリストにし、 <A> に代入する	<A> = <B> . rsplit ( )	print ( <A> = <B> )
<A> の <C> 番目が <B> で終わるかどうか	<A> . endswith ( <B> , <C> )	itertools . endswith ( <A> , <B> , <C> )
空白を区切り文字に指定して <B> を最後から分割してリスト型にして、 <A> に代入する	<A> = <B> . rsplit ( )	sorted ( <A> , <B> )
後ろから <C> で <B> 文字列を分割してリストを返して、 <A> に代入する	<A> = <B> . rsplit ( <C> )	reversed ( <A> , <B> , <C> )
<A> 、 <B> 、 <C> のうちもっとも小さい値	min ( <A> , <B> , <C> )	x . min ( <A> , <B> , <C> )
リスト <A> 内の値が少なくともひとつは真かどうか	any ( <A> )	random . any ( <A> )
ユーザが入力した数字を半角スペースで区切ってリストとして得、 <A> に代入する	<A> = list ( map ( int , input ( ) . split ( ) ) )	sorted ( <A> , key = map ( int , input ( ) . split ( ) )
<A> の中の大文字を小文字にする	<A> . lower ( )	( <A> . lower ( )
区切り文字に指定して <B> 文字列を <C> を最後から分割してリストにされた結果を <A> に代入する	<A> = <B> . rsplit ( <C> )	reversed ( <A> , <B> , <C> )
<C> を区切り文字、最大分割数を <D> に設定して文字列 <B> を最後から分割してリスト型にして返された結果を <A> にする	<A> = <B> . rsplit ( <C> , <D> )	sorted ( <A> , <B> , <C> , <D> )
リスト <B> を大きい方から順に直し、 <A> に代入する	<A> = <B> . reverse ( )	sorted ( <A> , reverse = True )
区切り文字に指定して <B> 文字列を <C> を終わりから分割してリストにされた結果を <A> とする	<A> = <B> . rsplit ( <C> )	reversed ( <A> , <B> , <C> )
<B> を逆順にした結果を <A> に代入する	<A> = <B> . reverse ( )	sorted ( <A> , reverse = <B> )
<B> を文字列型として得た結果を <A> とする	<A> = str ( <B> )	str ( <A> , <B> )
0 から <B> 未満までの整数乱数を <A> とする	<A> = random . randrange ( <B> )	randrange . randrange ( <A> , <B> )
<B> を英大文字に変換したデータを <A> に代入する	<A> = <B> . upper ( )	sorted ( <A> = <B> )
ランダムに <A> をシャッフル置き換える	random . shuffle ( <A> )	collections . shuffle ( <A> )
<C> を区切り文字、最大分割数を <D> に設定して文字列 <B> を最後から分割してリスト型にして返して、 <A> に代入する	<A> = <B> . rsplit ( <C> , <D> )	sorted ( <A> , <B> , <C> , <D> )
<C> を区切り文字、最大分割数を <D> に指定して <B> を終わりから分割してリストに置き換えて、 <A> とする	<A> = <B> . rsplit ( <C> , <D> )	sorted ( <A> , <B> , <C> , <D> )
表示しユーザに値を <A> というプロンプトを入力させる	x = input ( <A> )	input ( <A> )
半角スペースごとに入力された複数の整数をリストとして受け取る	list ( map ( int , input ( ) . split ( ) ) )	print ( map ( int , input ( ) . split ( ) ) )
半角スペースごとに入力された数値を受け取り <A> 、 <B> 、 <C> と置き換える	<A> , <B> , <C> = map ( int , input ( ) . split ( ) )	, <A> , <B> , <C> = map ( int , input ( ) . split ( ) )
入力された整数値を半角スペースで分割し <A> 、 <B> 、 <C> とする	<A> , <B> , <C> = map ( int , input ( ) . split ( ) )	sorted ( <A> , <B> , <C> )
<A> を <B> でわったあまりを <A> に入れる	<A> % = <B>	reversed ( <A> , = <B> )
文字列 <B> を末尾から <C> で分割してリストを返した結果を <A> にする	<A> = <B> . rsplit ( <C> )	reversed ( <A> , <B> , <C> )
区切り文字に指定して <B> を半角スペースを最後から分割してリスト型にした結果を <A> とする	<A> = <B> . rsplit ( )	sorted ( <A> , <B> )
<A> を大きい方から順に並べ直す	<A> . sort ( reverse = True )	reversed ( <A> , reverse = True )
<C> の要素を <A> 、 <D> の要素を <B> へ順番に代入して以降のプログラムをループする	for <A> , <B> in zip ( <C> , <D> ) :	for <A> in zip ( <B> , <C> , <D> ) :
文字列 <A> の中の <C> 番目から <D> 番目に <B> がある位置	<A> . find ( <B> , <C> , <D> )	<A> . rfind ( <B> , <C> , <D> )
長さが <B> になるように '0' で <A> を右寄せした値	<A> . zfill ( <B> )	not <A> . zfill ( <B> )
<C> を区切り文字、最大分割数を <D> に指定して <B> を最後から分割してリストに直された結果を <A> に代入する	<A> = <B> . rsplit ( <C> , <D> )	sorted ( <A> , <B> , <C> , <D> )
文字列 <B> の終わりから空白改行を除いた値を <A> とする	<A> = <B> . rstrip ( )	sorted ( <A> , <B> )
空白を区切り文字として <B> を最後から分割してリスト型にして返し、 <A> にする	<A> = <B> . rsplit ( )	print ( <A> = <B> )
<B> リストを逆順に置き換えて、 <A> にする	<A> = <B> . reverse ( )	sorted ( <A> , reverse = <B> )
スペースごとに入力された数値を受け取り <A> 、 <B> 、 <C> と置き換える	<A> , <B> , <C> = map ( int , input ( ) . split ( ) )	sorted ( <A> , <B> , <C> )
<B> 文字列の右側から空白改行を取り除いた文字列を <A> にする	<A> = <B> . rstrip ( )	sorted ( <A> , <B> )
<C> を区切り文字として文字列 <B> を末尾から分割してリストにして返した結果を <A> にする	<A> = <B> . rsplit ( <C> )	reversed ( <A> , <B> , <C> )
英大文字に <A> 値を変換したデータ	<A> . upper ( )	( <A> . upper ( )
<B> の最初を英大文字、残りを全て英小文字にした文字列を <A> にする	<A> = <B> . capitalize ( )	sorted ( <A> = <B> )
以降の処理を <A> 回ループ置き換える	for i in range ( <A> ) :	hex ( <A> )
集合 <A> から <B> を除去する	<A> . remove ( <B> )	. <A> . remove ( <B> )
<B> の終わりから空白改行を抜いたデータを <A> に代入する	<A> = <B> . rstrip ( )	reversed ( <A> , <B> )
繰り返しから強制的に抜ける	break	random . break ( <A> )
<A> 集合と <B> セットの差を得る	<A> . difference ( <B> )	reversed ( <A> . difference ( <B> )
文字列 <A> 内の <C> 番目から <D> 番目に <B> がある位置	<A> . find ( <B> , <C> , <D> )	sorted ( <A> , <B> , <C> , <D> )
<B> を <A> 集合に付加する	<A> . add ( <B> )	add ( <A> . add ( <B> )
<A> を <B> で剰余を計算する	<A> % <B>	math . remainder ( <A> , <B> )
空白を区切り文字として文字列 <B> を末尾から分割してリストにして返された結果を <A> に代入する	<A> = <B> . rsplit ( )	print ( <A> = <B> )
わった値を <A> を <B> で切り上げる	( <A> + <B> - 1 ) // <B>	range ( <A> , <B> - 1 ) // <B>
文字列 <B> の最初から空白改行を除いた値を <A> にする	<A> = <B> . lstrip ( )	sorted ( <A> , <B> )
数値に <A> を直す	int ( <A> )	reversed ( <A> )
<B> 文字列内の <D> 番目から <E> 番目に <C> がある位置を <A> に代入する	<A> = <B> . find ( <C> , <D> , <E> )	sorted ( <A> , <B> , <C> , <D> , <E> )
<B> と <C> の最小公倍数を <A> に代入する	<A> = math . lcm ( <B> , <C> )	round ( <A> , <B> , <C> )
半角スペースを区切り文字に指定して文字列 <B> を最後から分割してリストに直された結果を <A> にする	<A> = <B> . rsplit ( )	sorted ( <A> , <B> )
<B> で <A> の最初を拡張する	<A> . appendleft ( <B> )	re . appendleft ( <A> , <B> )
<B> のコサインを <A> にする	<A> = math . cos ( <B> )	math . cos ( <A> , <B> )
<B> の英大小文字を逆にしたデータを <A> とする	<A> = <B> . strswap ( )	print ( <A> = <B> )
カンマ区切りで <A> を表示する	print ( <A> , sep = ',' )	datetime . print ( <A> , sep = ',' )
<B> を区切り文字に設定して <A> を分割した結果をリスト型にして返す	<A> . split ( <B> )	. <A> . split ( <B> )
<B> を最後からスペースで分割してリストを返して、 <A> にする	<A> = <B> . rsplit ( )	sorted ( <A> , <B> )
ユーザが入力した数値を空白で区切ってリストとして受け取る	list ( map ( int , input ( ) . split ( ) ) )	print ( map ( int , input ( ) . split ( ) ) )
<B> を終わりから半角スペースで分割してリストを返して、 <A> にする	<A> = <B> . rsplit ( )	sorted ( <A> , <B> )
<B> 文字列の <D> 番目から <C> を後ろから探して見つかった位置を <A> にする	<A> = <B> . rfind ( <C> , <D> )	= <A> . rfind ( <B> , <C> , <D> )
<C> を区切り文字、最大分割数を <D> に設定して文字列 <B> を最後から分割してリストにして返し、 <A> に代入する	<A> = <B> . rsplit ( <C> , <D> )	sorted ( <A> , <B> , <C> , <D> )
半角スペースごとに入力された複数の整数をリストとして受け取った結果を <A> に代入する	<A> = list ( map ( int , input ( ) . split ( ) ) )	sorted ( <A> , key = map ( int , input ( ) . split ( ) )
スペースを区切り文字として文字列 <B> を分割した結果をリスト型にして返して、 <A> にする	<A> = <B> . split ( )	sorted ( <A> , <B> )
<B> を浮動小数点数に直された結果を <A> にする	<A> = float ( <B> )	float ( <A> , <B> )
入力されたデータを空白で分割し <A> 、 <B> 、 <C> と置き換える	<A> , <B> , <C> = input ( ) . split ( )	sorted ( <A> , <B> , <C> )
<B> 文字列の終わりから <C> を除いた文字を <A> に代入する	<A> = <B> . rstrip ( <C> )	reversed ( <A> , <B> , <C> )
<B> を後ろから <C> で分割した文字列のリストを <A> に代入する	<A> = <B> . rsplit ( <C> )	print ( <A> , <B> , <C> )
区切り文字として文字列 <B> をスペースを最後から分割してリスト型にして返した結果を <A> にする	<A> = <B> . rsplit ( )	print ( <A> = <B> )
<C> を区切り文字、最大分割数を <D> に設定して <B> を末尾から分割してリスト型にして返した結果を <A> に代入する	<A> = <B> . rsplit ( <C> , <D> )	sorted ( <A> , <B> , <C> , <D> )
<A> 内の要素が少なくともひとつは真かどうか	any ( <A> )	random . any ( <A> )
ユーザから入力された値をリストにされた結果を <A> にする	<A> = list ( input ( ) )	print ( <A> , input ( ) )
<B> 身長と <A> 体重から BMI	<A> / ( <B> / 100 ) ** 2	/ ( <A> , <B> / 100 ) ** 2
スペースを区切り文字に指定して <B> を分割した結果をリスト型にした結果を <A> とする	<A> = <B> . split ( )	( <A> = <B> . split ( )
空白ごとに入力された複数の整数をリストとして受け取って、 <A> にする	<A> = list ( map ( int , input ( ) . split ( ) ) )	sorted ( <A> , key = map ( int , input ( ) . split ( ) )
<B> を <A> リストの最後に入れる	<A> . append ( <B> )	itertools . append ( <A> , <B> )
値 <B> の中の小文字を大文字に置き換えた結果を <A> とする	<A> = <B> . upper ( )	sorted ( <A> , <B> )
<B> 文字列を後ろから <C> で分割してリストを返された結果を <A> とする	<A> = <B> . rsplit ( <C> )	print ( <A> , <B> , <C> )
<A> セットと <B> 集合の共通部分	<A> . intersection ( <B> )	sorted ( <A> . intersection ( <B> )
<A> に <B> を <A> にかけた値を代入する	<A> *= <B>	str ( <A> , <B> )
<B> リスト内の値を連結した値を <A> とする	<A> = '' . join ( <B> )	'' . join ( <A> , <B> )
半角スペースを区切り文字に指定して文字列 <B> を最後から分割してリストに直して、 <A> に代入する	<A> = <B> . rsplit ( )	sorted ( <A> , <B> )
区切り文字に指定して <B> をスペースを最後から分割してリストにした結果を <A> に代入する	<A> = <B> . rsplit ( )	sorted ( <A> , <B> )
<A> からランダムに値を <B> つチョイス直す	random . sample ( <A> , <B> )	bisect . sample ( <A> , <B> )
空白を区切り文字に指定して <B> 文字列を分割した結果をリスト型に直し、 <A> に代入する	<A> = <B> . split ( )	sorted ( <A> , <B> )
末尾から <C> で <B> 文字列を分割した文字列のリストを <A> にする	<A> = <B> . rsplit ( <C> )	sorted ( <A> , <B> , <C> )
<B> をリストとして得、 <A> にする	<A> = list ( <B> )	print ( <A> , <B> )
<B> を整数型に変換して、 <A> とする	<A> = int ( <B> )	int ( <A> , <B> )
<B> を区切り文字、最大分割数を <C> に指定して文字列 <A> を分割した結果をリスト型に置き換える	<A> . split ( <B> , <C> )	. <A> . split ( <B> , <C> )
<A> の二乗を算出する	<A> ** 2	math . sin ( <A> )
入力された数値を半角スペースで区切ってリストとして得た結果を <A> にする	<A> = list ( map ( int , input ( ) . split ( ) ) )	list ( map ( int , input ( <A> ) . split ( ) ) )
<A> 集合が <B> 集合の上位集合かどうか	<A> . issuperset ( <B> )	. <A> . issuperset ( <B> )
<A> 集合に <B> を加える	<A> . add ( <B> )	add ( <A> . add ( <B> )
<B> を整数型に直して、 <A> に代入する	<A> = int ( <B> )	int ( <A> , <B> )
文字列 <A> を長さが <B> になるように左を '0' で埋めた値	<A> . zfill ( <B> )	. <A> . zfill ( <B> )
複数の入力値をリストとして受け取った結果を <A> に代入する	<A> = list ( input ( ) )	not <A> = list ( input ( ) )
入力された数値を半角スペースで区切ってリストとして受け取って、 <A> とする	<A> = list ( map ( int , input ( ) . split ( ) ) )	sorted ( <A> , key = map ( int , input ( ) . split ( ) )
<A> の末尾が <B> で終わるかどうか	<A> . endswith ( <B> )	random . endswith ( <A> , <B> )
文字列 <A> を <B> で最大分割数 <C> まで分割したデータのリスト	<A> . split ( <B> , <C> )	. <A> . split ( <B> , <C> )
<B> の先頭から空白改行を取り除いたデータを <A> に代入する	<A> = <B> . lstrip ( )	sorted ( <A> , <B> )
<B> を降順にソート置き換えた結果を <A> に代入する	<A> = <B> . sort ( reverse = True )	reversed ( <A> , reverse = True )
<A> を <B> で分割した文字列のリスト	<A> . split ( <B> )	. <A> . split ( <B> )
<C> を区切り文字、最大分割数を <D> として <B> を終わりから分割してリストにして返された結果を <A> とする	<A> = <B> . rsplit ( <C> , <D> )	sorted ( <A> , <B> , <C> , <D> )
<A> リストをランダムにシャッフルする	random . shuffle ( <A> )	itertools . shuffle ( <A> )
<A> を変換したデータ	str ( <A> )	os . str ( <A> )
<B> を空白で分割してリストを返した結果を <A> とする	<A> = <B> . split ( )	sorted ( <A> , <B> )
<A> と <B> の和を求める	<A> + <B>	reversed <A> + <B>
区切り文字として <B> 文字列を半角スペースを末尾から分割してリスト型にして返した結果を <A> に代入する	<A> = <B> . rsplit ( )	print ( <A> = <B> )
リトルエンディアンとして	byteorder = 'little'	byteorder = <B>
<B> を区切り文字に設定して <A> を分割した結果をリスト型に置き換える	<A> . split ( <B> )	. <A> . split ( <B> )
文字列 <B> を最後から半角スペースで分割してリストを返し、 <A> にする	<A> = <B> . rsplit ( )	sorted ( <A> , <B> )
<A> を降順に直す	reversed ( <A> )	( <A> . reverse ( )
<A> の一部分を取り出す	<A> [ start : end ]	<A> [ : end ]
<A> と <B> の商を計算する	<A> / <B>	not <A> <B>
命令を実行したエポックタイム	datetime . datetime . now ( )	math . datetime . now ( )
<A> 掛ける <B> を算出する	<A> * <B>	<A> - <B>
区切り文字に設定して文字列 <B> を <C> を最後から分割してリスト型に直された結果を <A> とする	<A> = <B> . rsplit ( <C> )	reversed ( <A> , <B> , <C> )
<A> の中の <C> 番目から <D> 番目に <B> がある右側の位置	<A> . rfind ( <B> , <C> , <D> )	re . rfind ( <A> , <B> , <C> , <D> )
<A> の <C> 番目から <D> 番目の間で <B> を探して見つかった位置	<A> . find ( <B> , <C> , <D> )	( <A> . rfind ( <B> , <C> , <D> )
存在する最初の場所を <A> リスト内の <B> が取得する	<A> . index ( <B> )	index ( <A> . index ( <B> )
<B> 文字列を終わりから <C> で最大分割数 <D> まで分割したデータのリストを <A> にする	<A> = <B> . rsplit ( <C> , <D> )	sorted ( <A> , <B> , <C> , <D> )
<A> をリスト型に直す	list ( <A> )	itertools . list ( <A> )
可能であれば以下の命令を処理する	try :	math . try ( <A> )
以下の処理を <A> の要素数分ループ直す	for i in range ( len ( <A> ) ) :	range ( len ( <A> ) )
文字列 <B> を末尾から <C> で分割したデータのリストを <A> に代入する	<A> = <B> . rsplit ( <C> )	reversed ( <A> , <B> , <C> )
文字列 <B> を英小文字に変換した値を <A> に代入する	<A> = <B> . lower ( )	reversed ( <A> , <B> )
<B> を整数に置き換え、 <A> とする	<A> = int ( <B> )	int ( <A> , <B> )
<A> が <B> で割った時の余りが <C> であるかどうか	<A> % <B> == <C>	sorted ( <A> , <B> , <C> )
無限にカウントアップする整数列	itertools . count ( )	math . count ( )
<A> というプロンプトを文字列を表示しユーザに入力させる	x = input ( <A> )	any ( <A> )
<B> を <A> に入れる	<A> . append ( <B> )	reversed ( <A> , <B> )
並び順をそのままで <B> を <A> に挿入できる場所	bisect . bisect_left ( <A> , <B> )	random . bisect_left ( <A> , <B> )
<A> の値を右にひとつローテート置き換える	<A> . rotate ( )	math . rotate ( <A> )
<C> を区切り文字、最大分割数を <D> に設定して <B> を末尾から分割してリストにして返された結果を <A> に代入する	<A> = <B> . rsplit ( <C> , <D> )	sorted ( <A> , <B> , <C> , <D> )
<B> の両端から空白改行を除いたデータを <A> に代入する	<A> = <B> . strip ( )	reversed ( <A> , <B> )
<A> リストのうち <B> 個までのコンビネーション	itertools . combinations ( <A> , <B> )	math . combinations ( <A> , <B> )
<A> 文字列の最後から <B> を抜いた文字	<A> . rstrip ( <B> )	itertools . rstrip ( <A> , <B> )
<A> を英小文字に変換した値	<A> . lower ( )	( <A> . lower ( )
ユーザが入力した整数値をスペースで区切ってリストとして受け取られた結果を <A> とする	<A> = list ( map ( int , input ( ) . split ( ) ) )	list ( map ( int , input ( <A> ) . split ( ) ) )
文字列 <B> を最後から空白で分割してリストを返して、 <A> に代入する	<A> = <B> . rsplit ( )	sorted ( <A> , <B> )
<B> のイミュータブルな集合を <A> にする	<A> = frozenset ( <B> )	pow ( <A> , <B> )
<A> 文字列を長さが <B> になるように '0' で左を埋めたデータ	<A> . zfill ( <B> )	not <A> . zfill ( <B> )
<A> 文字列の <C> 番目から <B> を逆順に探して見つかった位置	<A> . rfind ( <B> , <C> )	. <A> . rfind ( <B> , <C> )
<B> 文字列を末尾から空白で分割してリストを返した結果を <A> にする	<A> = <B> . rsplit ( )	sorted ( <A> , <B> )
<B> の先頭を英大文字、残りを全て英小文字にした値を <A> とする	<A> = <B> . capitalize ( )	sorted ( <A> = <B> )
<B> 文字列の左側から空白改行を抜いたデータを <A> に代入する	<A> = <B> . lstrip ( )	sorted ( <A> , <B> )
<C> を区切り文字に指定して <B> を最後から分割してリスト型にして、 <A> にする	<A> = <B> . rsplit ( <C> )	reversed ( <A> , <B> , <C> )
命令を実行した日	datetime . date . today ( ) . day	math . date . today ( )
<B> リストを逆順に並べ変えて、 <A> に代入する	<A> = <B> . sort ( reverse = True )	reversed ( <A> , reverse = <B> )
<B> の先頭から空白改行を除いた値を <A> に代入する	<A> = <B> . lstrip ( )	sorted ( <A> , <B> )
<A> が <B> よりも大きいかどうか	<A> > <B>	sorted ( <A> , <B> )
<A> 内の値の順番を逆転する	<A> [ : : -1 ]	<A> [ : : : -1 ]
<A> リストに含まれる全ての値が真かどうか	all ( <A> )	any ( <A> )
<C> を区切り文字、最大分割数を <D> に指定して文字列 <B> を終わりから分割してリスト型にされた結果を <A> に代入する	<A> = <B> . rsplit ( <C> , <D> )	sorted ( <A> , <B> , <C> , <D> )
文字列 <B> の中の大文字を小文字に置き換えられた結果を <A> にする	<A> = <B> . lower ( )	reversed ( <A> , <B> )
文字列 <A> の <C> 番目から <D> 番目の間で <B> を後ろから探して見つかった位置	<A> . rfind ( <B> , <C> , <D> )	re . rfind ( <A> , <B> , <C> , <D> )
<C> を区切り文字、最大分割数を <D> に指定して文字列 <B> を後ろから分割してリストに直し、 <A> にする	<A> = <B> . rsplit ( <C> , <D> )	sorted ( <A> , <B> , <C> , <D> )
<A> 集合と <B> 集合の差を計算する	<A> . difference ( <B> )	set ( <A> . difference ( <B> )
<A> に <B> を入れる	<A> = <B>	reversed ( <A> , <B> )
<A> の <B> 番目から末尾までの値を取り出す	<A> [ <B> : ]	del ( <A> [ <B> ] )
リスト <A> の合計を計算する	sum ( <A> )	os . sum ( <A> )
<C> を区切り文字に設定して文字列 <B> を最後から分割してリスト型にして返した結果を <A> にする	<A> = <B> . rsplit ( <C> )	print ( <A> , <B> rsplit <C> )
改行を表示する	print ( )	datetime . print ( )
<C> の中の正規表現 <A> のパターンにマッチした箇所を <B> に置き換えたデータと置き換え箇所の個数	re . subn ( <A> , <B> , <C> )	re . sub ( <A> , <B> , <C> )
<B> 文字列の先頭を英大文字、残りを全て英小文字に変換したデータを <A> とする	<A> = <B> . capitalize ( )	sorted ( <A> = <B> )
<B> をリストに変換した結果を <A> とする	<A> = list ( <B> )	not <A> + <B>
ユーザが入力した浮動小数点数を <A> と置き換える	<A> = float ( input ( ) )	float ( <A> , input ( ) )
<B> をリスト型にした結果を <A> にする	<A> = list ( <B> )	print ( <A> , <B> )
<A> からランダムに要素を選択する	random . choice ( <A> )	collections . choice ( <A> )
もし何らかの例外が発生した時	except :	if <A> . except ( ) :
<A> 内の <C> 番目以降に <B> がある後ろ側の位置	<A> . rfind ( <B> , <C> )	re . rfind ( <A> , <B> , <C> )
プログラムの実行を終了する	quit ( )	sys . quit ( )
空白を区切り文字に設定して文字列 <B> を分割した結果をリスト型に直して、 <A> にする	<A> = <B> . split ( )	sorted ( <A> , <B> )
<B> 文字列を最後から <C> で分割したデータのリストを <A> に代入する	<A> = <B> . rsplit ( <C> )	reversed ( <A> , <B> , <C> )
<A> の出現回数順の列	<A> . most_common ( )	reversed ( <A> )
数値に <A> をする	int ( <A> )	print ( <A> )
<A> リストの <B> 番目に <C> を加える	<A> . insert ( <B> , <C> )	re . insert ( <A> , <B> , <C> )
半角スペースを区切り文字に指定して <B> 文字列を分割した結果をリストにして、 <A> とする	<A> = <B> . split ( )	sorted ( <A> , <B> )
値 <B> 内の小文字を大文字に変換した結果を <A> にする	<A> = <B> . upper ( )	( <A> = <B> . upper ( )
もし <B> より <A> が小さい場合	if <A> < <B> :	for <A> in range ( <B> ) :
リスト <B> を昇順にソート置き換えられた結果を <A> にする	<A> = <B> . sort ( )	sorted ( <A> , <B> )
リスト <A> のどれかの値が真かどうか	any ( <A> )	complex ( <A> )
値をリスト <A> からランダムに <B> つチョイス置き換える	random . sample ( <A> , <B> )	bisect . sample ( <A> , <B> )
<A> から始まり <B> 間隔でカウントアップ直す無限の整数列	itertools . count ( <A> , <B> )	random . count ( <A> , <B> )
身長 <B> と体重 <A> から BMI を求める	<A> / ( <B> / 100 ) ** 2	/ ( <A> , <B> / 100 ) ** 2
区切り文字に指定して <B> を空白を終わりから分割してリスト型に置き換えられた結果を <A> にする	<A> = <B> . rsplit ( )	sorted ( <A> , <B> )
リスト <A> の <B> 番目に <C> を付加する	<A> . insert ( <B> , <C> )	re . insert ( <A> , <B> , <C> )
<A> の文字リスト	list ( <A> )	itertools . list ( <A> )
後ろから <C> で <B> を分割したデータのリストを <A> に代入する	<A> = <B> . rsplit ( <C> )	print ( <A> , <B> , <C> )
リスト <A> からランダムに要素を <B> つチョイスする	random . sample ( <A> , <B> )	bisect . sample ( <A> , <B> )
<C> のインデックスを <A> 、要素を <B> へ順番に代入して以下の処理を繰り返す	for <A> , <B> in enumerate ( <C> ) :	min ( <A> , <B> , <C> )
文字列型に <B> をし、 <A> に代入する	<A> = str ( <B> )	str ( <A> , <B> )
もし <A> が <B> 未満もしくは <C> 以上ならば	if <A> < <B> or <A> >= <C> :	elif <A> < <B> or <A> >= <C> :
入力されたデータをスペースで分割し <A> 、 <B> 、 <C> と置き換える	<A> , <B> , <C> = input ( ) . split ( )	sorted ( <A> , <B> , <C> )
入力された文字列	input ( )	math . input ( )
次の命令を <A> 回回す	for i in range ( <A> ) :	itertools . for i in range ( <A> ) :
文字列 <A> が数字かどうか	<A> . isdigit ( )	math . isdigit ( <A> )
<A> 中の全ての文字が数字かどうか	<A> . isdigit ( )	math . isdigit ( <A> )
<A> 集合から <B> を消す	<A> . remove ( <B> )	. <A> . remove ( <B> )
<A> の 0 番目から <B> 番目の要素を得る	<A> [ : <B> ]	del ( <A> [ <B> ] )
<B> の左側から空白改行を取り除いた値を <A> とする	<A> = <B> . lstrip ( )	print ( <A> , <B> )
<B> リストを逆順に並べ変えられた結果を <A> とする	<A> = <B> . sort ( reverse = True )	reversed ( <A> , reverse = <B> )
プログラムを実行したタイムスタンプ	datetime . datetime . now ( )	math . datetime . now ( )
ユーザが入力した整数値を半角スペースで区切ってリストとして受け取った結果を <A> に代入する	<A> = list ( map ( int , input ( ) . split ( ) ) )	list ( map ( int , input ( <A> ) . split ( ) ) )
ユーザが入力した値をリストに置き換える	list ( input ( ) )	itertools . list ( input ( ) )
文字列 <A> の <C> 番目から <B> を探して見つかった位置	<A> . find ( <B> , <C> )	<A> . rfind ( <B> , <C> )
<A> を最後から半角スペースで分割したデータのリスト	<A> . rsplit ( )	( <A> . rsplit ( )
0 から <A> -1 までの数列	range ( <A> )	random . range ( <A> )
<A> に <B> をかけた値	<A> * <B>	str ( <A> , <B> )
<A> 集合と <B> セットの差	<A> . difference ( <B> )	difference ( <A> . difference ( <B> )
<B> 文字列の最後から空白改行を抜いた文字列を <A> にする	<A> = <B> . rstrip ( )	sorted ( <A> , <B> )
ユーザが入力した数字を <A> とする	<A> = int ( input ( ) )	int ( <A> , input ( ) )
<A> 辞書に入っているを処理する	for key in <A> . keys ( ) : value = <A> [ key ]	bisect . keys ( <A> , key = <A> [ key ]
<A> を降順にソートする	<A> . sort ( reverse = True )	reversed ( <A> , reverse = True )
<A> のうち <B> 個までの重複コンビネーション	itertools . combinations_with_replacement ( <A> , <B> )	math . combinations_with_replacement ( <A> , <B> )
<B> を文字列型に置き換えて、 <A> にする	<A> = str ( <B> )	str ( <A> , <B> )
半角スペースを区切り文字として <B> 文字列を最後から分割してリスト型にして返し、 <A> とする	<A> = <B> . rsplit ( )	sorted ( <A> , <B> )
<A> に <B> をソート順で終わりに挿入する	bisect . insort_right ( <A> , <B> )	random . insort_right ( <A> , <B> )
<A> 文字列中の全ての英字が小文字かどうか	<A> . islower ( )	( <A> . islower ( )
入力されたデータをリストにし、 <A> にする	<A> = list ( input ( ) )	print ( <A> , input ( ) )
半角スペースを区切り文字に指定して <B> を終わりから分割してリストに置き換え、 <A> にする	<A> = <B> . rsplit ( )	sorted ( <A> , <B> )
<A> 内の <B> がある後ろ側の位置	<A> . rfind ( <B> )	range ( <A> . rfind ( <B> )
<A> を整数に変換する	int ( <A> )	str ( <A> )
入力値を得る	input ( )	math . input ( )
入っているを <A> 辞書に処理する	for key in <A> . keys ( ) : value = <A> [ key ]	itertools . keys ( <A> , key = <A> [ key ]
数値を入力した結果を <A> にする	<A> = int ( input ( ) )	int ( <A> )
入力された数字を空白ごとに受け取り <A> 、 <B> 、 <C> とする	<A> , <B> , <C> = map ( int , input ( ) . split ( ) )	print ( map ( <A> , <B> , <C> ) . split ( <C> ) )
<A> の値が全て真かどうか	all ( <A> )	min ( <A> )
<A> 集合と <B> 集合の共通部分を取得する	<A> . intersection ( <B> )	sorted ( <A> . intersection ( <B> )
<B> 内の大文字を小文字にし、 <A> にする	<A> = <B> . lower ( )	reversed ( <A> , <B> )
文字列 <B> の最初から空白改行を抜いたデータを <A> とする	<A> = <B> . lstrip ( )	sorted ( <A> , <B> )
<C> を区切り文字、最大分割数を <D> に設定して <B> を終わりから分割してリスト型に直し、 <A> に代入する	<A> = <B> . rsplit ( <C> , <D> )	sorted ( <A> , <B> , <C> , <D> )
ユーザが入力した整数値を半角スペースで区切ってリストとして受け取って、 <A> とする	<A> = list ( map ( int , input ( ) . split ( ) ) )	sorted ( <A> , key = map ( int , input ( ) . split ( ) )
リスト <A> を小さい方から順に並べ直す	<A> . sort ( )	random . sort ( <A> )
文字列 <B> の最後から <C> を取り除いた文字を <A> に代入する	<A> = <B> . rstrip ( <C> )	reversed ( <A> , <B> , <C> )
文字列 <B> を最後から <C> で分割した値のリストを <A> とする	<A> = <B> . rsplit ( <C> )	reversed ( <A> , <B> , <C> )
<A> の <B> 番目から <C> 番目の値を抜き出す	<A> [ <B> : <C> ]	sorted ( <A> , <B> , <C> )
<B> を整数に変換した結果を <A> とする	<A> = int ( <B> )	sorted ( <A> , <B> )
値 <A> の小文字を大文字に直す	<A> . upper ( )	( <A> . upper ( )
<B> の後ろから <C> を探して見つかった位置を <A> にする	<A> = <B> . rfind ( <C> )	= <A> . rfind ( <B> , <C> )
浮動小数点数に <B> を変換して、 <A> にする	<A> = float ( <B> )	float ( <A> , <B> )
リスト <B> をリスト <A> に展開して付加する	<A> . extend ( <B> )	print ( <A> . extend ( <B> )
整数型として <B> を取得した結果を <A> にする	<A> = int ( <B> )	sorted ( <A> , <B> )
<B> の最初から空白改行を抜いたデータを <A> にする	<A> = <B> . lstrip ( )	sorted ( <A> , <B> )
<A> が偶数でないかどうか	<A> % 2 != 0	print ( not <A> , 2 )
整数として <B> を取得した結果を <A> に代入する	<A> = int ( <B> )	sorted ( <A> , <B> )
<B> を <A> リストの右側に付加する	<A> . append ( <B> )	itertools . append ( <A> , <B> )
<B> の左側から空白改行を抜いた値を <A> に代入する	<A> = <B> . lstrip ( )	sorted ( <A> , <B> )
スペースを区切り文字に指定して文字列 <B> を分割した結果をリストにした結果を <A> とする	<A> = <B> . split ( )	( <A> = <B> . split ( )
<A> 文字列が全て英数字かどうか	<A> . isalnum ( )	sorted ( <A> )
<B> 文字列の最後から空白改行を抜いたデータを <A> に代入する	<A> = <B> . rstrip ( )	reversed ( <A> , <B> )
<B> の最初を英大文字、残りを全て英小文字にしたデータを <A> にする	<A> = <B> . capitalize ( )	sorted ( <A> = <B> )
<B> 文字列の英大文字と英小文字を交換したデータを <A> とする	<A> = <B> . strswap ( )	print ( <A> = <B> )
<A> というプロンプトを値を表示しユーザに入力させる	x = input ( <A> )	any ( <A> )
以降のプログラムを <A> の長さだけまわす	for i in range ( len ( <A> ) ) :	range ( len ( <A> ) )
終わりから <C> で文字列 <B> を最大分割数 <D> まで分割した文字列のリストを <A> に代入する	<A> = <B> . rsplit ( <C> , <D> )	sorted ( <A> , <B> , <C> , <D> )
終わりから <C> で <B> 文字列を分割してリストを返した結果を <A> に代入する	<A> = <B> . rsplit ( <C> )	sorted ( <A> , <B> , <C> )
<A> から <B> の値を引いて <A> に入れる	<A> -= <B>	sorted ( <A> , <B> )
NaN をチェックする	math . nan	byteorder = math . nan
区切り文字に指定して <B> 文字列をスペースを後ろから分割してリスト型にした結果を <A> にする	<A> = <B> . rsplit ( )	sorted ( <A> , <B> )
<B> を末尾からスペースで分割してリストを返し、 <A> にする	<A> = <B> . rsplit ( )	sorted ( <A> , <B> )
もし try の中の命令が実行できなかった時	except :	time . except ( <A> )
<A> 文字列の最初から <B> を探して見つかった位置	<A> . find ( <B> )	<A> . lstrip ( <B> )
<B> をリスト <A> の最後に加える	<A> . append ( <B> )	itertools . append ( <A> , <B> )
<C> を区切り文字、最大分割数を <D> に指定して <B> を終わりから分割してリスト型に置き換え、 <A> とする	<A> = <B> . rsplit ( <C> , <D> )	sorted ( <A> , <B> , <C> , <D> )
区切り文字に設定して <B> をスペースを末尾から分割してリスト型にして返して、 <A> とする	<A> = <B> . rsplit ( )	print ( <A> = <B> )
一旦 <A> をリターンする	yield <A>	min ( <A> )
ソートされた順序を保ったまま <B> を <A> に挿入できる最後のインデックス	bisect . bisect_right ( <A> , <B> )	re . bisect_right ( <A> , <B> )
区切り文字に指定して文字列 <B> を空白を最後から分割してリストにした結果を <A> に代入する	<A> = <B> . rsplit ( )	sorted ( <A> , <B> )
存在する最初のインデックスを <A> リストの中の <B> が得る	<A> . index ( <B> )	itertools . index ( <A> , <B> )
終わりから <C> で <B> 文字列を最大分割数 <D> まで分割した文字列のリストを <A> にする	<A> = <B> . rsplit ( <C> , <D> )	sorted ( <A> , <B> , <C> , <D> )
<B> をスペースで分割してリストを返して、 <A> にする	<A> = <B> . split ( )	sorted ( <A> , <B> )
半角スペースごとに入力文字列を受け取り <A> 、 <B> 、 <C> と置き換える	<A> , <B> , <C> = input ( ) . split ( )	sorted ( <A> , <B> , <C> )
<C> を区切り文字に設定して <B> を末尾から分割してリスト型にして返した結果を <A> とする	<A> = <B> . rsplit ( <C> )	print ( <A> , <B> , <C> )
<B> 文字列の左側から空白改行を除いた文字列を <A> に代入する	<A> = <B> . lstrip ( )	( <A> = <B> . lstrip ( )
<B> 文字列を後ろから空白で分割した文字列のリストを <A> とする	<A> = <B> . rsplit ( )	sorted ( <A> , <B> )
もし <A> 才未満または <B> 才以上の時	if age < <A> or age >= <B> :	if <A> < <B> or <A> >= <C> :
もし <A> 文字列が全て ASCII 文字なら	if <A> . isascii ( ) :	all ( <A> , <B> )
<A> のうち <B> 個までの組み合わせ	itertools . combinations ( <A> , <B> )	math . combinations ( <A> , <B> )
<B> を浮動小数点数として取得した結果を <A> に代入する	<A> = float ( <B> )	float ( <A> , <B> )
もし <A> が <B> より小さくないなら	if not <A> < <B> :	if not not <A> > <B> :
末尾から <C> で <B> 文字列を最大分割数 <D> まで分割した文字列のリストを <A> に代入する	<A> = <B> . rsplit ( <C> , <D> )	sorted ( <A> , <B> , <C> , <D> )
現在の作業ディレクトリ	os . getcwd	os . path . now ( )
値 <A> 全てが数字のとき	if <A> . isdigit ( ) :	if <A> . isnumeric ( ) :
原点からの ( <B> , <C> ) の距離を <A> に代入する	<A> = math . hypot ( <B> , <C> )	pow ( <A> , <B> , <C> )
キー <A> が d 辞書に存在しないかどうか	<A> not in date	sorted <A> not ( <A> )
<B> を終わりから空白で分割してリストを返し、 <A> に代入する	<A> = <B> . rsplit ( )	sorted ( <A> , <B> )
<A> かける <B>	<A> * <B>	<A> / <B>
<A> リストに <B> を入れる	<A> . append ( <B> )	itertools . append ( <A> , <B> )
<A> の平均を求める	sum ( <A> ) / len ( <A> )	/ ( <A> ) / len ( <A> )
<B> を降順にソート直した結果を <A> にする	<A> = <B> . sort ( reverse = True )	sorted ( <A> , key = <B> )
集合 <A> と集合 <B> の積集合を抽出する	<A> . intersection ( <B> )	set ( <A> . intersection ( <B> )
要素を <A> リストからランダムに <B> つチョイスする	random . sample ( <A> , <B> )	bisect . sample ( <A> , <B> )
<B> を区切り文字に設定して文字列 <A> を分割した結果をリスト型にする	<A> . split ( <B> )	. <A> . split ( <B> )
<C> を底と直す <B> の対数を <A> にする	<A> = math . log ( <B> , <C> )	math . log ( <A> , <B> , <C> )
空のリスト	[ ]	print ( [ ] )
<B> をリスト型にして、 <A> とする	<A> = list ( <B> )	itertools . <A> = ( <B> )
文字列 <A> が全て英数字かどうか	<A> . isalnum ( )	sorted ( <A> )
整数値としてユーザから入力を得て、 <A> にする	<A> = int ( input ( ) )	int ( <A> , input ( ) )
空白を区切り文字として文字列 <B> を最後から分割してリストにして返して、 <A> とする	<A> = <B> . rsplit ( )	print ( <A> = <B> )
<A> リストの最後に <B> を付加する	<A> . append ( <B> )	itertools . append ( <A> , <B> )
文字列 <A> を <B> で分割した値のリスト	<A> . split ( <B> )	. <A> . split ( <B> )
リスト <A> 内の全ての値が真かどうか	all ( <A> )	'' . all ( <A> )
<A> セットと <B> 集合の積集合を抽出する	<A> . intersection ( <B> )	set ( <A> . intersection ( <B> )
区切り文字に指定して <B> 文字列を空白を最後から分割してリスト型にして、 <A> とする	<A> = <B> . rsplit ( )	sorted ( <A> , <B> )
<B> 値内の小文字を大文字に直した結果を <A> とする	<A> = <B> . upper ( )	( <A> = <B> . upper ( )
ユーザから入力された数字をスペースで区切ってリストとして得て、 <A> とする	<A> = list ( map ( int , input ( ) . split ( ) ) )	sorted ( <A> , key = map ( int , input ( ) . split ( ) )
<B> を整数型に変換された結果を <A> にする	<A> = int ( <B> )	int ( <A> , <B> )
入力された数値をスペースで分割し <A> 、 <B> 、 <C> と置き換える	<A> , <B> , <C> = map ( int , input ( ) . split ( ) )	sorted ( <A> , <B> , <C> )
<A> が <B> 未満かつ <C> 以上ならば	if <A> < <B> and <A> >= <C> :	while <A> < <B> or <A> >= <C> :
空白を区切り文字に設定して文字列 <B> を末尾から分割してリスト型にして返した結果を <A> とする	<A> = <B> . rsplit ( )	print ( <A> = <B> )
半角スペースを区切り文字に設定して <B> 文字列を分割した結果をリストにした結果を <A> にする	<A> = <B> . split ( )	( <A> = <B> . split ( )
<A> 集合と <B> 集合の共通部分	<A> . intersection ( <B> )	sorted ( <A> . intersection ( <B> )
もし <A> が発生した時	except <A> :	hex ( <A> )
以降のプログラムを <A> 回繰り返す	for i in range ( <A> ) :	itertools . for i in range ( <A> ) :
<C> を区切り文字、最大分割数を <D> に設定して <B> を末尾から分割してリストにして返し、 <A> に代入する	<A> = <B> . rsplit ( <C> , <D> )	sorted ( <A> , <B> , <C> , <D> )
<A> 値が全て数字ならば	if <A> . isdecimal ( ) :	if <A> . isdigit ( ) :
<A> を降順にソート置き換える	sorted ( <A> , reverse = True )	reversed ( <A> , reverse = True )
<A> リストの中の <B> が存在する最初の場所を得る	<A> . index ( <B> )	itertools . index ( <A> , <B> )
<B> と <C> のユークリッド距離を <A> にする	<A> = math . dist ( <B> , <C> )	pow ( math , <A> , <B> , <C> )
<A> 文字列を長さが <B> になるように左を '0' で埋めた値	<A> . zfill ( <B> )	. <A> . zfill ( <B> )
リスト <A> の <B> が存在するインデックスを得る	<A> . index ( <B> )	itertools . index ( <A> , <B> )
<A> が <B> より大きくない間	while not <A> > <B> :	import not <A> > <B>
値 <A> 内の小文字を大文字に直す	<A> . upper ( )	( <A> . upper ( )
入力された値を空白で分割し <A> 、 <B> 、 <C> とする	<A> , <B> , <C> = input ( ) . split ( )	sorted ( <A> , <B> , <C> )
<C> を区切り文字、最大分割数を <D> に指定して <B> を後ろから分割してリストに置き換えた結果を <A> に代入する	<A> = <B> . rsplit ( <C> , <D> )	sorted ( <A> , <B> , <C> , <D> )
<A> を終わりからスペースで分割した値のリスト	<A> . rsplit ( )	( <A> . rsplit ( )
<A> に <B> をかけた値を <A> に代入する	<A> *= <B>	str ( <A> , <B> )
<C> の要素を <A> 、 <D> の要素を <B> へ順に代入して次の命令をまわす	for <A> , <B> in zip ( <C> , <D> ) :	for <A> in zip ( <B> , <C> , <D> ) :
<A> 足す <B> の値を <A> に代入	<A> += <B>	reversed ( <A> , <B> )
<B> をリストに置き換えた結果を <A> とする	<A> = list ( <B> )	itertools . <A> = ( <B> )
リスト <B> を逆順にして、 <A> にする	<A> = <B> . reverse ( )	sorted ( <A> , reverse = <B> )
<C> をリスト <A> の <B> 番目に追加する	<A> . insert ( <B> , <C> )	insert . insert ( <A> , <B> , <C> )
<A> の末尾を除いた部分列	<A> [ : -1 ]	reversed ( <A> )
英大文字に値 <A> を変換したデータ	<A> . upper ( )	( <A> . upper ( )
存在する最初の場所をリスト <A> の中の <B> が得る	<A> . index ( <B> )	itertools . index ( <A> , <B> )
<B> 区切りで <A> を出力する	print ( <A> , sep = <B> )	if print ( <A> , sep = <B> ) :
<A> からランダムに要素を <B> つチョイス直す	random . sample ( <A> , <B> )	bisect . sample ( <A> , <B> )
<B> を <A> リストの末尾に追加する	<A> . append ( <B> )	itertools . append ( <A> , <B> )
<B> を末尾から <C> で分割してリストを返された結果を <A> にする	<A> = <B> . rsplit ( <C> )	sorted ( <A> , <B> , <C> )
入力された文字列を空白で分割し <A> 、 <B> 、 <C> と置き換える	<A> , <B> , <C> = input ( ) . split ( )	sorted ( <A> , <B> , <C> )
もう一度、繰り返す	continue	breakpoint ( )
<A> の小数点以下を 5 桁で丸める	print ( '{:.5f}' . format ( <A> ) )	random . format ( <A> ) )
文字列 <A> の英大文字と英小文字を交換したデータ	<A> . strswap ( )	random . strswap ( <A> )
<C> を区切り文字、最大分割数を <D> に指定して文字列 <B> を最後から分割してリスト型に直した結果を <A> にする	<A> = <B> . rsplit ( <C> , <D> )	sorted ( <A> , <B> , <C> , <D> )
何らかの例外が発生したとき	except :	for <A> in range ( <B> ) :
<A> の <B> 番目から要素を取り出す	<A> . pop ( <B> )	( <A> . pop ( <B> )
0.0 以上 1.0 未満の乱数	random . random ( )	random . random ( <A> )
<B> 文字列を終わりから <C> で最大分割数 <D> まで分割した値のリストを <A> にする	<A> = <B> . rsplit ( <C> , <D> )	sorted ( <A> , <B> , <C> , <D> )
ユーザから入力された数値	int ( input ( ) )	<A> = int ( input ( ) )
<A> 、 <B> 、 <C> のうち最大の値	max ( <A> , <B> , <C> )	datetime . max ( <A> , <B> , <C> )
<C> を区切り文字、最大分割数を <D> に指定して <B> 文字列を最後から分割してリスト型に直して、 <A> とする	<A> = <B> . rsplit ( <C> , <D> )	sorted ( <A> , <B> , <C> , <D> )
文字列 <A> 内の <C> 番目から <D> 番目に <B> がある後ろ側の位置	<A> . rfind ( <B> , <C> , <D> )	re . rfind ( <A> , <B> , <C> , <D> )
<A> リストのうち <B> 個までの順列	itertools . permutations ( <A> , <B> )	os . itertools . permutations ( <A> , <B> )
<A> が偶数かどうか	<A> % 2 == 0	reversed ( <A> , 2 )
<B> 文字列の最初から空白改行を除いた値を <A> にする	<A> = <B> . lstrip ( )	sorted ( <A> , <B> )
<C> を区切り文字、最大分割数を <D> として <B> を終わりから分割してリスト型にして返し、 <A> に代入する	<A> = <B> . rsplit ( <C> , <D> )	sorted ( <A> , <B> , <C> , <D> )
スペースを区切り文字に指定して文字列 <B> を分割した結果をリストにし、 <A> に代入する	<A> = <B> . split ( )	sorted ( <A> , <B> )
<B> 文字列を後ろからスペースで分割してリストを返した結果を <A> にする	<A> = <B> . rsplit ( )	sorted ( <A> , <B> )
<A> をリストに直す	list ( <A> )	itertools . list ( <A> )
<B> 文字列の末尾から空白改行を除いたデータを <A> とする	<A> = <B> . rstrip ( )	reversed ( <A> , <B> )
<B> 文字列の最初を英大文字、残りを全て英小文字に変換したデータを <A> に代入する	<A> = <B> . capitalize ( )	sorted ( <A> = <B> )
文字列 <A> の <C> 番目から <D> 番目の間で <B> を逆順に探して見つかった位置	<A> . rfind ( <B> , <C> , <D> )	re . rfind ( <A> , <B> , <C> , <D> )
<A> に入っている値を一つずつ処理する	for key in <A> . keys ( ) : value = <A> [ key ]	itertools . keys ( <A> , key = <A> [ key ]
リスト <A> の合計をチェックする	sum ( <A> )	os . sum ( <A> )
ループ処理から抜け出す	break	random . break ( )
区切り文字として文字列 <B> を半角スペースを末尾から分割してリストにして返し、 <A> とする	<A> = <B> . rsplit ( )	print ( <A> = <B> )
<B> を浮動小数点数型にした結果を <A> にする	<A> = float ( <B> )	float ( <A> , <B> )
入力された文字列	x = input ( )	math . input ( )
リスト <A> を大きい方から順に並べ直す	<A> . sort ( reverse = True )	sorted ( <A> , reverse = True )
「ハローワールド」と表示する	print ( 'Hello World' )	math . print ( <A> )
ユーザが入力した値をリストに変換して、 <A> に代入する	<A> = list ( input ( ) )	print ( <A> , input ( ) )
リスト <A> の最後に <B> を追加する	<A> . append ( <B> )	itertools . append ( <A> , <B> )
<A> を <B> 分の一にする	<A> /= <B>	<A> // = <B>
リスト <A> の終わりから値を取り出す	<A> . pop ( )	( <A> . pop ( )
<A> が <B> より小さくない間	while not <A> < <B> :	not not <A> > <B>
入力されたデータをリスト化直した結果を <A> にする	<A> = list ( input ( ) )	print ( <A> , input ( ) )
要素を <A> からランダムにチョイス置き換える	random . choice ( <A> )	collections . choice ( <A> )
<A> を <B> でわった余り	math . remainder ( <A> , <B> )	not <A> / <B>
リストに <B> を直して、 <A> とする	<A> = list ( <B> )	itertools . <A> = ( <B> )
<C> を区切り文字に設定して文字列 <B> を最後から分割してリスト型に直して、 <A> にする	<A> = <B> . rsplit ( <C> )	sorted ( <A> , <B> , <C> )
もし <A> 全てが数字の場合	if <A> . isdigit ( ) :	print ( if <A> ) :
リスト <A> 内の値が全て真かどうか	all ( <A> )	any ( <A> )
<B> の最初から空白改行を除いたデータを <A> に代入する	<A> = <B> . lstrip ( )	sorted ( <A> , <B> )
英小文字に <A> を変換した値	<A> . lower ( )	( <A> . lower ( )
文字列 <B> を全て小文字にして、 <A> にする	<A> = <B> . lower ( )	sorted ( <A> , <B> )
文字列 <B> を英小文字に変換した文字列を <A> に代入する	<A> = <B> . lower ( )	reversed ( <A> , <B> )
半角スペースを区切り文字に指定して文字列 <B> を最後から分割してリスト型に直して、 <A> とする	<A> = <B> . rsplit ( )	sorted ( <A> , <B> )
<A> に並んでいる順序をそのままで <B> を挿入できるインデックス	bisect . bisect_left ( <A> , <B> )	random . bisect_left ( <A> , <B> )
<B> リストを降順にソートした結果を <A> にする	<A> = <B> . sort ( reverse = True )	reversed ( <A> , <B> )
浮動小数点数 <A> の小数点以下を 5 桁で揃える	print ( '{:.5f}' . format ( <A> ) )	format . format ( '{:.5f}' . format ( <A> ) )
ソートされた順序を保ったまま <B> を <A> に挿入できる位置	bisect . bisect_left ( <A> , <B> )	bisect_left . bisect_left ( <A> , <B> )
<A> が <B> の倍数かどうか	<A> % <B> == 0	min ( <A> , <B> )
<A> 文字列の中の <C> 番目から <D> 番目に <B> がある位置	<A> . find ( <B> , <C> , <D> )	<A> . rfind ( <B> , <C> , <D> )
<A> 、 <B> 、 <C> の中で一番大きい値を算出する	max ( <A> , <B> , <C> )	divmod ( <A> , <B> , <C> )
<A> の 0 番目を除いた部分列	<A> [ 1 : ]	reversed ( <A> )
<C> を区切り文字に指定して <B> 文字列を終わりから分割してリスト型にし、 <A> にする	<A> = <B> . rsplit ( <C> )	sorted ( <A> , <B> , <C> )
リスト <B> を降順にソートし、 <A> に代入する	<A> = <B> . sort ( reverse = True )	sorted ( <A> , reverse = <B> )
<B> 文字列の両端から空白改行を取り除いた値を <A> に代入する	<A> = <B> . strip ( )	sorted ( <A> , <B> )
<A> リストの <B> 番目に <C> を追加する	<A> . insert ( <B> , <C> )	re . insert ( <A> , <B> , <C> )
空白を区切り文字に指定して <B> を分割した結果をリスト型にされた結果を <A> にする	<A> = <B> . split ( )	( <A> = <B> . split ( )
空白を区切り文字に設定して <B> を分割した結果をリストに直した結果を <A> に代入する	<A> = <B> . split ( )	print ( <A> = <B> )
<C> を区切り文字、最大分割数を <D> に指定して <B> を最後から分割してリストに置き換えて、 <A> にする	<A> = <B> . rsplit ( <C> , <D> )	sorted ( <A> , <B> , <C> , <D> )
<A> の右側が <B> で終わるかどうか	<A> . endswith ( <B> )	itertools . endswith ( <A> , <B> )
<A> の総和を見る	sum ( <A> )	math . sin ( <A> )
<A> に含まれる全ての値が真かどうか	all ( <A> )	any ( <A> )
何か動かす	print ( 'Hello World' )	math . e
集合 <A> が集合 <B> の上位集合かどうか	<A> . issuperset ( <B> )	. <A> . issuperset ( <B> )
文字列型に <B> を変換し、 <A> に代入する	<A> = str ( <B> )	str ( <A> , <B> )
<A> の両端から <B> を取り除いた文字列	<A> . strip ( <B> )	( <A> . strip ( <B> )
リスト <A> をシャッフル直す	random . suffle ( <A> )	collections . suffle ( <A> )
<A> リストに含まれるどれかの値が真かどうか	any ( <A> )	x . any ( <A> )
区切り文字に指定して <B> 文字列をスペースを最後から分割してリスト型に置き換え、 <A> に代入する	<A> = <B> . rsplit ( )	sorted ( <A> , <B> )
ユーザが入力した整数値をスペースで区切ってリストとして受け取って、 <A> に代入する	<A> = list ( map ( int , input ( ) . split ( ) ) )	list ( map ( int , input ( <A> ) . split ( ) ) )
浮動小数点数型に <B> をした結果を <A> に代入する	<A> = float ( <B> )	float ( <A> , <B> )
集合 <A> と集合 <B> の積集合を得る	<A> . intersection ( <B> )	set ( <A> . intersection ( <B> )
<B> を変換した浮動小数点数を <A> に代入する	<A> = float ( <B> )	float ( <A> , <B> )
ユーザから入力を数値として受け取られた結果を <A> とする	<A> = int ( input ( ) )	int ( <A> , input ( ) )
入力値を取得し、 <A> とする	<A> = input ( )	reversed ( <A> )
<A> 値が数字であるかどうか	<A> . isdigit ( )	itertools . isdigit ( <A> )
文字列 <B> の終わりから空白改行を除いた文字列を <A> とする	<A> = <B> . rstrip ( )	sorted ( <A> , <B> )
<C> 内の正規表現 <A> のパターンにマッチした箇所を <B> に置き換えた文字列と置き換えた箇所の数	re . subn ( <A> , <B> , <C> )	re . sub ( <A> , <B> , <C> )
<B> をリスト <A> に加える	<A> . append ( <B> )	. <A> . append ( <B> )
ユーザが入力した文字列をリストにした結果を <A> とする	<A> = list ( input ( ) )	print ( <A> , input ( ) )
<B> を全て大文字に直し、 <A> に代入する	<A> = <B> . upper ( )	sorted ( <A> = <B> )
<A> を十の位までに丸めた値	round ( <A> , -1 )	bisect . round ( <A> , -1 )
<A> が <B> 以上の間	while <A> >= <B> :	while not <A> >= <B> :
プログラムを実行した日付	datetime . date . today ( )	math . date . today ( )
<C> を区切り文字、最大分割数を <D> に設定して <B> を末尾から分割してリスト型にして返して、 <A> に代入する	<A> = <B> . rsplit ( <C> , <D> )	sorted ( <A> , <B> , <C> , <D> )
ユーザが入力した文字列を <A> と置き換える	<A> = input ( )	reversed ( <A> )
<C> を区切り文字、最大分割数を <D> に指定して文字列 <B> を最後から分割してリスト型にし、 <A> にする	<A> = <B> . rsplit ( <C> , <D> )	sorted ( <A> , <B> , <C> , <D> )
<C> を区切り文字、最大分割数を <D> に設定して <B> 文字列を最後から分割してリストにして返して、 <A> とする	<A> = <B> . rsplit ( <C> , <D> )	sorted ( <A> , <B> , <C> , <D> )
Python を実行したエポック秒	datetime . datetime . now ( )	math . datetime . now ( )
値を <A> からランダムに <B> つチョイス直す	random . sample ( <A> , <B> )	bisect . sample ( <A> , <B> )
本日の年	datetime . date . today ( ) . year	quit ( )
文字列型に <B> を直した結果を <A> に代入する	<A> = str ( <B> )	str ( <A> , <B> )
<A> 値中の英字全てが大文字かどうか	<A> . isupper ( )	math . isupper ( <A> )
ユーザが入力した文字列を <A> にする	<A> = input ( )	reversed ( <A> )
文字列 <B> 内の大文字を小文字に置き換え、 <A> とする	<A> = <B> . lower ( )	reversed ( <A> , <B> )
リスト <B> の要素積を <A> にする	<A> = math . prod ( <B> )	math . prod ( <A> , <B> )
<B> を区切り文字に指定して文字列 <A> を分割した結果をリストに直す	<A> . split ( <B> )	. <A> . split ( <B> )
入力された整数を <A> とする	<A> = int ( input ( ) )	print ( <A> , input ( ) )
<B> の右側から空白改行を除いた文字列を <A> にする	<A> = <B> . rstrip ( )	reversed ( <A> , <B> )
<A> がもし <B> 未満かつ <C> 以上ならば	if <A> < <B> and <A> >= <C> :	while <A> < <B> or <A> >= <C> :
<B> を最も近い整数に切り捨てを <A> に代入する	<A> = math . floor ( <B> )	math . floor ( <A> , <B> )
<A> 内の <C> 番目以降に <B> がある位置	<A> . find ( <B> , <C> )	re . find ( <A> , <B> , <C> )
<B> を後ろから <C> で分割した値のリストを <A> に代入する	<A> = <B> . rsplit ( <C> )	reversed ( <A> , <B> , <C> )
<A> 値をカンマで区切った値のリスト	<A> . split ( ',' )	',' . split ( <A> , ',' )
もし文字列 <A> が全て ASCII 文字なら	if <A> . isascii ( ) :	hex ( <A> )
<B> を末尾から <C> で最大分割数 <D> まで分割したデータのリストを <A> にする	<A> = <B> . rsplit ( <C> , <D> )	sorted ( <A> , <B> , <C> , <D> )
<B> 文字列を末尾から <C> で最大分割数 <D> まで分割してリストを返して、 <A> にする	<A> = <B> . rsplit ( <C> , <D> )	sorted ( <A> , <B> , <C> , <D> )
<A> から <B> を引いて <A> に代入	<A> -= <B>	sorted ( <A> , <B> )
入力文字列を半角スペースごとに受け取り <A> 、 <B> 、 <C> と置き換える	<A> , <B> , <C> = input ( ) . split ( )	sorted ( <A> , <B> , <C> )
リスト <A> の平均を確認する	sum ( <A> ) / len ( <A> )	/ ( <A> ) / len ( <A> )
セット <A> と集合 <B> の積集合	<A> . intersection ( <B> )	set ( <A> . intersection ( <B> )
リスト <A> に含まれる少なくともひとつの要素が真かどうか	any ( <A> )	random . any ( <A> )
スペースを区切り文字として文字列 <B> を最後から分割してリスト型にして返し、 <A> に代入する	<A> = <B> . rsplit ( )	print ( <A> = <B> )
入れて <B> リスト内の要素を間に <A> を連結した文字列	<A> . join ( <B> )	not <A> . join ( <B> )
<B> を小さい方から順に並べ変え、 <A> に代入する	<A> = <B> . sort ( )	reversed ( <A> , <B> )
<A> が <B> 以上でないとき	if not <A> >= <B> :	if not <A> or <B> :
<A> リストを無限に繰り返した列	itertools . cycle ( <A> )	'' . cycle ( <A> )
ループ処理から終了する	break	sys . break ( )
<A> というプロンプトを表示しユーザに文字列を入力させる	x = input ( <A> )	min ( <A> )
<B> 値の中の小文字を大文字にし、 <A> とする	<A> = <B> . upper ( )	sorted ( <A> , <B> )
最初の処理	print ( 'Hello World' )	quit ( )
空白ごとに入力された数値を受け取り <A> 、 <B> 、 <C> と直す	<A> , <B> , <C> = map ( int , input ( ) . split ( ) )	sorted ( <A> , <B> , <C> )
<A> に 0 から 9 を代入して、次の命令をループする	for <A> in range ( 10 ) :	elif <A> in range ( 10 ) :
<C> を区切り文字、最大分割数を <D> に設定して <B> 文字列を終わりから分割してリストにして返して、 <A> に代入する	<A> = <B> . rsplit ( <C> , <D> )	sorted ( <A> , <B> , <C> , <D> )
空白を区切り文字に設定して <B> 文字列を最後から分割してリストにして返された結果を <A> とする	<A> = <B> . rsplit ( )	sorted ( <A> , <B> )
<A> の最初に <B> を付加する	<A> . appendleft ( <B> )	. <A> . appendleft ( <B> )
<A> の <B> 番目に <C> を付加する	<A> . insert ( <B> , <C> )	re . insert ( <A> , <B> , <C> )
スペース区切りで入力された複数の整数をリストとして得た結果を <A> とする	<A> = list ( map ( int , input ( ) . split ( ) ) )	list ( map ( int , input ( <A> ) . split ( ) ) )
<A> セットと <B> セットの積集合を抽出する	<A> . intersection ( <B> )	set ( <A> . intersection ( <B> )
<A> リスト内の少なくともひとつの要素が真かどうか	any ( <A> )	random . any ( <A> )
<B> を <A> に展開して付加する	<A> . extend ( <B> )	print ( <A> . extend ( <B> )
<B> 文字列の右側から空白改行を抜いたデータを <A> とする	<A> = <B> . rstrip ( )	sorted ( <A> , <B> )
要素を <A> リストからランダムに <B> つチョイス置き換える	random . sample ( <A> , <B> )	bisect . sample ( <A> , <B> )
空白ごとに入力された複数の整数をリストとして得た結果を <A> とする	<A> = list ( map ( int , input ( ) . split ( ) ) )	sorted ( <A> , key = list ( int , input ( ) . split ( ) )
<A> 文字列の終わりから <B> を取り除いた文字	<A> . rstrip ( <B> )	itertools . rstrip ( <A> , <B> )
<B> のサインを <A> とする	<A> = math . sin ( <B> )	reversed ( <A> , <B> )
<A> の <B> 番目に <C> を入れる	<A> . insert ( <B> , <C> )	del <A> . insert ( <B> , <C> )
<B> の右側から空白改行を取り除いた文字列を <A> に代入する	<A> = <B> . rstrip ( )	reversed ( <A> , <B> )
末尾から <C> で <B> 文字列を最大分割数 <D> まで分割してリストを返して、 <A> にする	<A> = <B> . rsplit ( <C> , <D> )	sorted ( <A> , <B> , <C> , <D> )
区切り文字に設定して <B> を <C> を末尾から分割してリストにして返し、 <A> とする	<A> = <B> . rsplit ( <C> )	sorted ( <A> , <B> , <C> )
算術用ライブラリを用いる	import math	math . import math ( <A> )
ユーザから入力された値をリストに変換し、 <A> とする	<A> = list ( input ( ) )	print ( <A> , input ( ) )
<A> リストのうち <B> 個までの重複コンビネーション	itertools . combinations_with_replacement ( <A> , <B> )	math . combinations_with_replacement ( <A> , <B> )
繰り返し処理から抜ける	break	random . break ( )
最も近い数字に <B> を切り上げを <A> に代入する	<A> = math . ceil ( <B> )	math . ceil ( <A> , <B> )
処理を実行した月	datetime . date . today ( ) . month	quit ( )
リスト <A> の末尾から値をポップする	<A> . pop ( )	( <A> . pop ( )
<B> を区切り文字として文字列 <A> を分割した結果をリスト型にして返す	<A> . split ( <B> )	. <A> . split ( <B> )
<A> 文字列内の <B> がある後ろ側の位置	<A> . rfind ( <B> )	range ( <A> . rfind ( <B> )
最後から <C> で <B> 文字列を分割してリストを返して、 <A> にする	<A> = <B> . rsplit ( <C> )	reversed ( <A> , <B> , <C> )
文字列 <B> の最初から空白改行を取り除いた文字列を <A> とする	<A> = <B> . lstrip ( )	sorted ( <A> , <B> )
<A> リストの終わりから値を得る	<A> . pop ( )	( <A> . pop ( )
セット <A> と集合 <B> の積集合を抽出する	<A> . intersection ( <B> )	set ( <A> . intersection ( <B> )
<A> からカウントアップする無限の整数列	itertools . count ( <A> )	math . count ( <A> )
<A> を十の位までに丸めた値を求める	round ( <A> , -1 )	bisect . round ( <A> , -1 )
半角スペースを区切り文字として文字列 <B> を末尾から分割してリスト型にして返し、 <A> とする	<A> = <B> . rsplit ( )	print ( <A> = <B> )
<A> かける <B> を求める	<A> * <B>	<A> - <B>
浮動小数点数に <B> を置き換えた結果を <A> に代入する	<A> = float ( <B> )	float ( <A> , <B> )
<A> リスト内の要素が少なくともひとつは真かどうか	any ( <A> )	random . any ( <A> )
集合 <A> と集合 <B> の差集合	<A> . difference ( <B> )	set ( <A> . difference ( <B> )
<C> を区切り文字、最大分割数を <D> に指定して <B> を終わりから分割してリスト型に置き換えた結果を <A> にする	<A> = <B> . rsplit ( <C> , <D> )	sorted ( <A> , <B> , <C> , <D> )
ユーザが入力した文字列をリストに入れた結果を <A> にする	<A> = list ( input ( ) )	print ( <A> , input ( ) )
<A> モジュールを使う	import <A>	math . import ( <A> )
<B> 内の小文字を大文字に変換して、 <A> に代入する	<A> = <B> . upper ( )	sorted ( <A> = <B> )
<C> を区切り文字、最大分割数を <D> に指定して文字列 <B> を最後から分割してリストにし、 <A> にする	<A> = <B> . rsplit ( <C> , <D> )	sorted ( <A> , <B> , <C> , <D> )
<A> に <B> を代入する	<A> = <B>	reversed ( <A> )
<A> のコピー	<A> . copy ( )	copy . copy ( <A> )
スペースを区切り文字として <B> を分割した結果をリストにして返した結果を <A> にする	<A> = <B> . split ( )	( <A> = <B> . split ( )
「こんにちは世界」と出力する	print ( 'Hello World' )	math . print ( <A> )
<A> わる <B> を切り上げる	( <A> + <B> - 1 ) // <B>	range ( <A> , <B> - 1 ) // <B>
値 <A> を <B> で区切った値のリスト	<A> . split ( <B> )	itertools . split ( <A> , <B> )
<A> リストの中の <B> が存在する最初の場所を取得する	<A> . index ( <B> )	index ( <A> . index ( <B> )
<B> に最も近い数字に切り上げを <A> とする	<A> = math . ceil ( <B> )	math . ceil ( <A> , <B> )
値 <A> を全て大文字に直す	<A> . upper ( )	( <A> . upper ( )
<B> を整数に直された結果を <A> にする	<A> = int ( <B> )	sorted ( <A> , <B> )
浮動小数点数型に <B> を直された結果を <A> に代入する	<A> = float ( <B> )	float ( <A> , <B> )
文字列 <B> の左側から空白改行を除いた文字列を <A> にする	<A> = <B> . lstrip ( )	sorted ( <A> , <B> )
<B> を <A> に付加する	<A> . add ( <B> )	<A> . append ( <B> )
<A> の <B> 乗	<A> ** <B>	math . pow ( <A> , <B> )
<A> をリストに置き換える	list ( <A> )	os . list ( <A> )
リスト <A> にリスト <B> を展開して加える	<A> . extend ( <B> )	print ( <A> . extend ( <B> )
<A> をリスト型として得る	list ( <A> )	itertools . list ( <A> )
もし try の中の命令が実行できなかったとき	except :	if <A> . except ( ) :
最も近い整数に <B> を切り捨てを <A> とする	<A> = math . floor ( <B> )	math . floor ( <A> , <B> )
ユーザが入力した値をリストに突っ込んだ結果を <A> とする	<A> = list ( input ( ) )	print ( <A> , input ( ) )
<C> を区切り文字に指定して文字列 <B> を最後から分割してリスト型にし、 <A> とする	<A> = <B> . rsplit ( <C> )	sorted ( <A> , <B> , <C> )
文字列 <B> の中の <C> がある位置を <A> に代入する	<A> = <B> . find ( <C> )	not <A> = <B> . find ( <C> )
右に <A> の要素をひとつローテートする	<A> . rotate ( )	math . rotate ( <A> )
文字列型として <B> を得られた結果を <A> にする	<A> = str ( <B> )	str ( <A> , <B> )
<B> を区切り文字、最大分割数を <C> に指定して <A> 文字列を分割した結果をリストに直す	<A> . split ( <B> , <C> )	. <A> . split ( <B> , <C> )
リスト <A> の最後から要素をポップ直す	<A> . pop ( )	( <A> . pop ( )
文字列 <B> の最初から空白改行を除いた文字列を <A> とする	<A> = <B> . lstrip ( )	sorted ( <A> , <B> )
<A> と <B> のノルム	math . hypot ( <A> , <B> )	itertools . repeat ( <A> , <B> )
データを <A> というプロンプトを表示しユーザに入力させる	x = input ( <A> )	any ( <A> )
<B> を区切り文字に指定して文字列 <A> を分割した結果をリスト型にする	<A> . split ( <B> )	. <A> . split ( <B> )
<A> を小さい順に並べる	<A> . sort ( )	reversed ( <A> )
<B> の英大文字と英小文字を逆にした文字列を <A> に代入する	<A> = <B> . strswap ( )	= <A> = <B> . strswap ( )
<A> の中の <B> がある右側の位置	<A> . rfind ( <B> )	itertools . rfind ( <A> , <B> )
ユーザから入力された数値を <A> に代入する	<A> = int ( input ( ) )	print ( <A> , input ( ) )
<B> の大文字を小文字にした結果を <A> にする	<A> = <B> . lower ( )	sorted ( <A> , <B> )
<C> を区切り文字として <B> を末尾から分割してリストにして返して、 <A> とする	<A> = <B> . rsplit ( <C> )	sorted ( <A> , <B> , <C> )
<B> を終わりから空白で分割してリストを返された結果を <A> とする	<A> = <B> . rsplit ( )	sorted ( <A> , <B> )
Python を実行したエポック	datetime . datetime . now ( )	math . datetime . now ( )
<A> リストをシャッフルする	random . suffle ( <A> )	collections . suffle ( <A> )
<B> 文字列を末尾から <C> で最大分割数 <D> まで分割したデータのリストを <A> にする	<A> = <B> . rsplit ( <C> , <D> )	sorted ( <A> , <B> , <C> , <D> )
<A> リストの要素が全て真かどうか	all ( <A> )	min ( <A> )
文字列 <B> の先頭から空白改行を抜いた値を <A> とする	<A> = <B> . lstrip ( )	sorted ( <A> , <B> )
<A> を浮動小数点数として得る	float ( <A> )	'' . float ( <A> )
文字列 <A> を後ろから半角スペースで分割してリストを返す	<A> . rsplit ( )	( <A> . rsplit ( )
整数値としてユーザから入力を受け取った結果を <A> とする	<A> = int ( input ( ) )	int ( <A> , input ( ) )
<B> 文字列を末尾からスペースで分割してリストを返した結果を <A> に代入する	<A> = <B> . rsplit ( )	sorted ( <A> , <B> )
集合 <A> とセット <B> の差集合を計算する	<A> . difference ( <B> )	set ( <A> . difference ( <B> )
ユーザが入力した値をリストに入れる	list ( input ( ) )	itertools . list ( input ( ) )
ユーザが入力したデータをリストに格納する	list ( input ( ) )	itertools . list ( input ( ) )
先頭に戻ってやり直す	continue	print ( 'Hello )
<B> を最も近い数値に切り捨てを <A> とする	<A> = math . floor ( <B> )	math . floor ( <A> , <B> )
<A> を小数点第一位までに丸めた値	round ( <A> , 1 )	1 . round ( <A> )
リストとして <A> を得る	list ( <A> )	itertools . list ( <A> )
繰り返しから抜ける	break	( )
空列を <A> にする	<A> = [ ]	reversed ( <A> )
<A> が <B> よりも小さくないかどうか	not <A> < <B>	pow ( <A> , <B> )
空白を区切り文字に設定して文字列 <B> を分割した結果をリストにして返して、 <A> に代入する	<A> = <B> . split ( )	sorted ( <A> , <B> )
<A> を大きい方から順に置き換える	reversed ( <A> )	<A> . reverse ( )
ユーザが入力した文字列をリストに突っ込んだ結果を <A> にする	<A> = list ( input ( ) )	print ( <A> , input ( ) )
空白で区切って入力された複数の整数をリストとして受け取った結果を <A> に代入する	<A> = list ( map ( int , input ( ) . split ( ) ) )	sorted ( <A> , key = map ( int , input ( ) . split ( ) )
データ <A> を <B> 回繰り返す	<A> * <B>	* <A> * <B>
<B> を区切り文字、最大分割数を <C> に設定して <A> 文字列を分割した結果をリスト型に直す	<A> . split ( <B> , <C> )	. <A> . split ( <B> , <C> )
文字列 <B> の先頭を英大文字、残りを全て英小文字にしたデータを <A> にする	<A> = <B> . capitalize ( )	sorted ( <A> = <B> )
<A> の二乗	<A> ** 2	math . exp ( <A> )
<B> 文字列を終わりから半角スペースで分割してリストを返し、 <A> にする	<A> = <B> . rsplit ( )	sorted ( <A> , <B> )
入力された数値を半角スペースで分割し <A> 、 <B> 、 <C> と直す	<A> , <B> , <C> = map ( int , input ( ) . split ( ) )	sorted ( <A> , <B> , <C> )
値 <B> を英大文字に変換した値を <A> に代入する	<A> = <B> . upper ( )	( <A> = <B> . upper ( )
<A> リスト内の <B> が存在する最初の場所を取得する	<A> . index ( <B> )	index ( <A> . index ( <B> )
ユーザが入力した数値を空白で区切ってリストとして受け取った結果を <A> に代入する	<A> = list ( map ( int , input ( ) . split ( ) ) )	list ( map ( int , input ( <A> ) . split ( ) ) )
ユーザから入力を受け取って、 <A> にする	<A> = input ( )	reversed ( <A> )
<A> を <B> だけシフトした左シフト値	<A> << <B>	reversed ( <A> , <B> )
もし <A> が無限大の場合	if math . isinf ( <A> ) :	if math . isinf math ( <A> ) :
ユーザが入力した整数値を半角スペースで区切ってリストとして受け取る	list ( map ( int , input ( ) . split ( ) ) )	print ( map ( int , input ( ) . split ( ) ) )
<B> 文字列の左側から空白改行を除いた値を <A> とする	<A> = <B> . lstrip ( )	sorted ( <A> , <B> )
<B> を区切り文字に指定して <A> を分割した結果をリストに置き換える	<A> . split ( <B> )	list ( <A> . split ( <B> )
<A> に <B> 未満の連続した数値を代入して、以下の処理をループ置き換える	for <A> in range ( <B> ) :	def <A> ( <B> ) :
文字列 <A> 内の <B> がある右側の位置	<A> . rfind ( <B> )	itertools . rfind ( <A> , <B> )
空白を区切り文字として <B> 文字列を末尾から分割してリスト型にして返した結果を <A> に代入する	<A> = <B> . rsplit ( )	print ( <A> = <B> )
<B> 文字列を末尾から空白で分割してリストを返し、 <A> にする	<A> = <B> . rsplit ( )	sorted ( <A> , <B> )
<C> のインデックスを <A> 、要素を <B> へ順番に代入して以下の処理をループ置き換える	for <A> , <B> in enumerate ( <C> ) :	min ( <A> , <B> , <C> )
<A> をカンマで区切る	<A> . split ( ',' )	print ( <A> . split ( ',' )
<A> リストからランダムに要素を選択する	random . choice ( <A> )	collections . choice ( <A> )
<A> 以上 <B> 未満までの整数乱数	random . randrange ( <A> , <B> )	randrange . randrange ( <A> , <B> )
<A> からランダムに要素を <B> つチョイス置き換える	random . sample ( <A> , <B> )	bisect . sample ( <A> , <B> )
<B> の先頭を英大文字、残りを全て英小文字に変換した文字列を <A> に代入する	<A> = <B> . capitalize ( )	sorted ( <A> = <B> )
<A> モジュールを使用する	import <A>	math . import ( <A> )
<C> を <A> リストの <B> 番目に加える	<A> . insert ( <B> , <C> )	del <A> . insert ( <B> , <C> )
英小文字に文字列 <A> を変換した値	<A> . lower ( )	( <A> . lower ( )
<A> 値内の小文字を大文字にする	<A> . upper ( )	( <A> . upper ( )
空行をプリントする	print ( )	set ( )
<A> 掛ける <B>	<A> * <B>	<A> / <B>
<A> を降順にする	reversed ( <A> )	( <A> . reverse ( )
<A> 集合が <B> 集合の部分集合かどうか	<A> . issubset ( <B> )	( <A> . issubset ( <B> )
<A> の 0 番目から <B> 番目の値を取り出す	<A> [ : <B> ]	del ( <A> [ <B> ] )
<A> に並んでいる順序をそのままで <B> を挿入できる一番後ろのインデックス	bisect . bisect_right ( <A> , <B> )	re . bisect_right ( <A> , <B> )
最後から <C> で <B> 文字列を最大分割数 <D> まで分割した文字列のリストを <A> とする	<A> = <B> . rsplit ( <C> , <D> )	sorted ( <A> , <B> , <C> , <D> )
<B> 文字列を最後から <C> で分割してリストを返し、 <A> に代入する	<A> = <B> . rsplit ( <C> )	reversed ( <A> , <B> , <C> )
<B> 文字列の末尾から空白改行を取り除いた文字列を <A> にする	<A> = <B> . rstrip ( )	sorted ( <A> , <B> )
文字列 <B> の最後から <C> を除いた文字を <A> に代入する	<A> = <B> . rstrip ( <C> )	reversed ( <A> , <B> , <C> )
<B> の左側から <C> を除いた値を <A> に代入する	<A> = <B> . lstrip ( <C> )	not <A> = <B> . lstrip ( <C> )
<A> から <B> 番目の要素を除去する	del ( <A> [ <B> ] )	complex ( <A> , <B> )
数字としてユーザから入力を受け取り、 <A> とする	<A> = int ( input ( ) )	int ( <A> , input ( ) )
<B> の中の小文字を大文字に置き換えた結果を <A> とする	<A> = <B> . upper ( )	sorted ( <A> = <B> )
文字列 <A> 内の <B> を <C> に置き換えたデータ	<A> . replace ( <B> , <C> )	<A> . rstrip ( <B> , <C> )
並んでいる順序をそのままで <B> を <A> に挿入できるインデックス	bisect . bisect_left ( <A> , <B> )	bisect_left . bisect_left ( <A> , <B> )
空白で区切って入力された複数の整数をリストとして得、 <A> に代入する	<A> = list ( map ( int , input ( ) . split ( ) ) )	sorted ( <A> , key = map ( int , input ( ) . split ( ) )
円周率を求める	math . pi	abs ( math )
リスト <A> の全ての値が真かどうか	all ( <A> )	min ( <A> )
<A> と <B> の商と剰余の組を算出する	divmod ( <A> , <B> )	math . divmod ( <A> , <B> )
<A> の文字コード	ord ( <A> )	type ( <A> )
もし <A> が <B> より小さくない場合	if not <A> < <B> :	if not not <A> > <B> :
<A> の角度を計算する	math . degrees ( <A> )	type ( <A> )
集合 <A> が集合 <B> の部分集合かどうか	<A> . issubset ( <B> )	( <A> . issubset ( <B> )
<B> を小さい方から順に並べ直した結果を <A> に代入する	<A> = <B> . sort ( )	reversed ( <A> , <B> )
入力されたデータ	x = input ( )	str ( <A> )
リスト <A> の最小値を見る	min ( <A> )	math . min ( <A> )
次の命令を <A> の長さだけ回す	for i in range ( len ( <A> ) ) :	[ for i in range ( len ( <A> ) :
<B> を逆順に置き換えた結果を <A> に代入する	<A> = <B> . reverse ( )	= <A> . reverse ( )
ランダムに <A> リストをシャッフル置き換える	random . shuffle ( <A> )	collections . shuffle ( <A> )
区切り文字に指定して <B> 文字列を <C> を最後から分割してリストに直して、 <A> とする	<A> = <B> . rsplit ( <C> )	sorted ( <A> , <B> , <C> )
半角スペースを区切り文字に指定して文字列 <B> を分割した結果をリストにして、 <A> とする	<A> = <B> . split ( )	sorted ( <A> , <B> )
<B> の末尾から空白改行を除いた値を <A> に代入する	<A> = <B> . rstrip ( )	reversed ( <A> , <B> )
スペースを区切り文字に指定して <B> を分割した結果をリストに直された結果を <A> に代入する	<A> = <B> . split ( )	( <A> = <B> . split ( )
<A> 文字列を <B> で最大分割数 <C> まで分割してリストを返す	<A> . split ( <B> , <C> )	. <A> . split ( <B> , <C> )
<A> 文字列内の <C> 番目から <D> 番目に <B> がある右側の位置	<A> . rfind ( <B> , <C> , <D> )	re . rfind ( <A> , <B> , <C> , <D> )
処理を実行した日付	datetime . date . today ( )	os . date . today ( )
<A> を小さい順に並べる	sorted ( <A> )	reversed ( <A> )
終わりから <C> で <B> を最大分割数 <D> まで分割した値のリストを <A> とする	<A> = <B> . rsplit ( <C> , <D> )	sorted ( <A> , <B> , <C> , <D> )
<B> の先頭から空白改行を取り除いた値を <A> にする	<A> = <B> . lstrip ( )	sorted ( <A> , <B> )
半角スペースを区切り文字に指定して <B> 文字列を分割した結果をリスト型に置き換えられた結果を <A> に代入する	<A> = <B> . split ( )	( <A> = <B> . split ( )
浮動小数点数 <A> の小数点以下を 5 桁で丸める	print ( '{:.5f}' . format ( <A> ) )	random . format ( <A> ) )
<A> リストから <B> 番目の値を除去する	del ( <A> [ <B> ] )	complex ( <A> , <B> )
体重 <A> と身長 <B> から BMI	<A> / ( <B> / 100 ) ** 2	/ ( <A> / <B> / 100 ) ** 2
<C> を区切り文字、最大分割数を <D> に設定して <B> 文字列を終わりから分割してリストにされた結果を <A> に代入する	<A> = <B> . rsplit ( <C> , <D> )	sorted ( <A> , <B> , <C> , <D> )
<B> 全体において正規表現 <A> のパターンをマッチさせた結果	re . fullmatch ( <A> , <B> )	collections . match ( <A> , <B> )
