<A> と <B> を引数とする関数 euler -17_ divid_inateger_part を定義	def euler017_divid_integer_part ( <A> , <B> ) :	for <A> in range ( <B> ) : ( :
<A> に <B> と <C> の積の文字列表現を代入	<A> = ( str ) ( <B> * <C> )	<A> = str ( <B> , <C> )
もし <A> が空なら	if len ( <A> ) == 0 :	<A> = [ ]
<A> に <B> の後ろから <C> 番目の要素を足す	<A> += <B> [ len ( <B> ) - 1 - <C> ]	<A> += len ( <B> [ <C> ] )
<B> の要素を末尾から順に <A> として繰り返し	for <A> in reversed ( <B> ) :	if for <A> in range ( <B> ) ) :
そうでなく、もし <A> が <B> であれば	elif <A> == <B> :	if <A> == <B> :
<A> を <B> を <C> で割った余りのみからなるリストとする	<A> = [ <B> % <C> ]	= <A> [ <B> ] * ( <A> , <B> )
<A> が <B> 以下であれば True 、そうでなければ False を返す	return <A> <= <B>	return <A> < <A> < <B>
<B> の末尾要素から <C> までの数を順に <A> として	for <A> in range ( <B> [ -1 ] , <C> + 1 ) :	for <A> in range ( <B> , <C> + 1 ) :
<A> を整数にした結果を返す	return int ( <A> )	dinomials return ( <A> + <B> )
<B> から <C> までの数を順に <A> として	for <A> in range ( <B> , <C> + 1 ) :	if for <A> in range ( <B> , <C> + 1 ) :
<A> を空のリストとする	<A> = [ ]	if <A> [ ] = [ ]
<B> 未満の非負整数 <A> を小さい方から順に	for <A> in range ( <B> ) :	if <A> in range ( <B> , <C> ) ) :
<A> を引数とする関数 euler006_n_sequence の定義	def euler006_n_square ( <A> ) :	for <A> in range ( <B> ) :
<B> の各要素を後ろから順に <A> として	for <A> in reversed ( <B> ) :	for <A> in range ( <B> ) :
<B> を引数とする関数 <A> を定義	def <A> ( <B> ) :	euler011 def <A> ( <A> , <B> ) :
<A> の末尾に <B> を追加	<A> . append ( <B> )	<A> . <A> . append ( <B> )
<A> の自乗が <B> 未満の間	while <A> * <A> < <B> :	return <A> < <B> :
<A> + <B> と <C> -1 の組を返す	return ( <A> + <B> , <C> - <B> )	def return ( <A> , <B> , <C> + <B> )
<A> と <B> が等しければ True 、そうでなければ False を返す	return <A> == <B>	return <A> < <A> < <B>
引数 <B> を取る関数 <A> の定義	def <A> ( <B> ) :	for <A> in range ( <B> ) :
<A> に <B> の <C> 番目の要素を掛ける	<A> *= <B> [ <C> ]	<A> [ <B> ] = int ( <C> )
<A> に <B> と <C> の <B> 番目からなる組を追加する	<A> . append ( ( <B> , <C> [ <B> ] ) )	return <A> [ <B> ] * ( <C> + 1 )
<A> に <B> のみからなるリストを代入	<A> = [ <B> ] * 2000000	<A> = [ <B> ]
<B> を <C> の各要素、 <A> をその番号として	for <A> , <B> in enumerate ( <C> ) :	def <A> ( <B> , <C> + 1 ) :
<A> 未満の非負整数 <A> を小さい方から順に	for x in range ( <A> ) :	for <A> in range ( <B> , <C> ) ) :
現在の <A> と ( <B> [ <C> * <D> + <E> ] * <B> [ ( <C> + <F> ) * <D> + <E> ] * <B> [ ( <C> + <G> ) * <D> + <E> ] * <B> [ ( <C> + <H> ) * <D> + <E> ] ) のうち大きい方を新しい <A> とする	<A> = max ( <A> , <B> [ <C> * <D> + <E> ] * <B> [ ( <C> + <F> ) * <D> + <E> ] * <B> [ ( <C> + <G> ) * <D> + <E> ] * <B> [ ( <C> + <H> ) * <D> + <E> ] )	<A> = max ( <A> [ <B> [ <C> ] + <E> + <E> + <E> + <E> ] * <B> [ ( <C> + <E> + <E> + <E> ] * <B> [ ( <C> + <E> ] * <D> + <E> + <E> + <E> ] ) * <D> ) * <D> ) * <D> + <E> ] ) * <B> ) * <B> + <E> ] )
もし <A> が <B> でなくて、かつ <A> が <C> 以下であれば	if <A> != <B> and <A> <= <C> :	while <A> <= <B> == 0 :
<A> を返す	return <A>	return <A> * <A>
<A> の長さが <B> であれば True 、そうでなければ False を返す	return len ( <A> ) == <B>	while return len len ( <A> ) == <B> == 0 )
以下の処理を <A> -1 回繰り返す	for i in range ( <A> - 1 ) :	elif for <A> in range ( <B> , <C> ) :
<A> に <B> の長さを <C> で割った商と <B> を <C> で割った余りの和を代入	<A> = ( int ) ( len ( <B> ) / <C> ) + ( len ( <B> ) % <C> )	if <A> = int ( <B> / ( <A> / <C> / <B> ) / ( <B> / <C> + <D> ) ) ) )
もし <A> が半角スペースなら	if <A> == ' ' :	if <A> < <B> :
<A> に <B> の後ろから <C> 番目の要素を足す	<A> += <B> [ len ( <B> ) - <C> - 1 ]	<A> += len ( <B> [ <C> ] )
<A> と <B> と <C> を引数とする関数 euler006_make_common_dif_sequence_a の定義	def euler006_make_common_diff_sequence_a ( <A> , <B> , <C> ) :	for <A> in range ( <B> , <C> ) :
<A> の <B> + <C> 番目に <D> の <B> 番目と <B> + <C> 番目の要素の和を追加する	<A> . insert ( <B> + <C> , <D> [ <B> ] + <D> [ <B> + <C> ] )	<A> . append ( <A> / <B> [ ( <C> + <D> ) ] ) + <D> ] )
dinominals の <A> 番目に <A> + <B> 番目の要素を足す	dinomials [ <A> ] += dinomials [ <A> + <B> ]	<A> += [ <B> ] += ( <A> [ <B> [ <C> ] )
<A> のみからなるリストを返す	return [ <A> ]	return <A> [ <B> ]
現在の <A> と ( <B> [ <C> * <D> + <E> ] * <B> [ <C> * <D> + <E> + <F> ] * <B> [ <C> * <D> + <E> + <G> ] * <B> [ <C> * <D> + <E> + <H> ] ) のうち大きい方を新しい <A> とする	<A> = max ( <A> , <B> [ <C> * <D> + <E> ] * <B> [ <C> * <D> + <E> + <F> ] * <B> [ <C> * <D> + <E> + <G> ] * <B> [ <C> * <D> + <E> + <H> ] )	<A> = max ( <A> [ <B> [ <C> + <E> + <E> + <E> + <E> ] * <B> [ ( <C> + <E> + <E> ] * <D> + <E> ] ) + <E> + <E> ] * <B> + <E> ] * <B> + <E> + <E> ] ) * <B> )
<A> と <B> の大きい方を返す	return max ( <A> , <B> )	return <A> * <A> , <B>
<B> と <C> の組を <A> に追加する	<A> . append ( ( <B> , <C> ) )	for <A> in range ( <B> , <C> ) :
<A> の末尾に <B> を追加する	<A> . append ( <B> )	while <A> . append ( <B> )
